ts,rate
1780927200.035,1.25e-05
1780930800.045,1.25e-05
1780934400.055,1.25e-05
1780938000.075,1.25e-05
1780941600.012,1.25e-05
1780945200.027,7.6548e-06
1780948800.032,1.15462e-05
1780952400.056,1.19508e-05
1780956000.019,1.1924e-05
1780959600.022,8.1008e-06
1780963200.005,6.0949e-06
1780966800.014,8.7593e-06
1780970400.051,7.7685e-06
1780974000.043,2.3737e-06
1780977600.002,4.747e-06
1780981200.011,1.25e-05
1780984800.06,1.25e-05
1780988400.027,1.25e-05
1780992000.081,1.25e-05
1780995600.001,1.25e-05
1780999200.031,9.5852e-06
1781002800.067,1.15313e-05
1781006400.036,1.18977e-05
1781010000.031,1.25e-05
1781013600.014,1.25e-05
1781017200.029,1.25e-05
1781020800.059,1.25e-05
1781024400.048,1.25e-05
1781028000.032,1.25e-05
1781031600.014,1.25e-05
1781035200.045,1.0431e-05
1781038800.056,9.4667e-06
1781042400.063,4.127e-07
1781046000.059,1.2339e-06
1781049600.07,2.4159e-06
1781053200.0,1.4565e-06
1781056800.069,4.964e-07
1781060400.03,-6.009e-07
1781064000.056,-6.14e-08
1781067600.003,8.6005e-06
1781071200.052,-1.9732e-06
1781074800.059,-2.8166e-06
1781078400.06,-1.8565e-06
1781082000.053,-5.2185e-06
1781085600.013,2.2075e-06
1781089200.011,5.6886e-06
1781092800.032,2.0827e-06
1781096400.058,9.9992e-06
1781100000.031,1.17385e-05
1781103600.057,1.25e-05
1781107200.069,1.25e-05
1781110800.012,3.8595e-06
1781114400.035,1.07976e-05
1781118000.046,1.15958e-05
1781121600.093,1.25e-05
1781125200.023,1.25e-05
1781128800.019,7.5043e-06
1781132400.077,6.7179e-06
1781136000.009,8.7489e-06
1781139600.039,1.25e-05
1781143200.02,1.25e-05
1781146800.013,2.8632e-06
1781150400.009,9.7258e-06
1781154000.046,4.2621e-06
1781157600.039,3.9427e-06
1781161200.008,-8.784e-07
1781164800.045,9.61e-07
1781168400.054,3.5615e-06
1781172000.038,2.5228e-06
1781175600.033,7.4415e-06
1781179200.033,4.9882e-06
1781182800.055,2.2406e-06
1781186400.02,2.9413e-06
1781190000.013,1.0337e-06
1781193600.017,-3.225e-06
1781197200.083,1.041e-07
1781200800.016,5.8942e-06
1781204400.018,1.25e-05
1781208000.005,1.25e-05
1781211600.036,2.9344e-06
1781215200.073,1.07886e-05
1781218800.052,1.25e-05
1781222400.013,1.25e-05
1781226000.025,1.25e-05
1781229600.033,1.25e-05
1781233200.057,1.25e-05
1781236800.009,8.6902e-06
1781240400.001,1.25e-05
1781244000.056,1.01694e-05
1781247600.027,7.118e-07
1781251200.035,2.3719e-06
1781254800.01,7.86e-08
1781258400.015,5.032e-06
1781262000.055,-8.93e-08
1781265600.007,6.0707e-06
1781269200.01,-6.1507e-06
1781272800.052,3.7445e-06
1781276400.064,7.8066e-06
1781280000.005,1.25e-05
1781283600.011,1.25e-05
1781287200.044,1.25e-05
1781290800.018,1.25e-05
1781294400.007,1.25e-05
1781298000.026,1.25e-05
1781301600.022,1.25e-05
1781305200.025,1.25e-05
1781308800.034,1.25e-05
1781312400.044,1.25e-05
1781316000.044,1.25e-05
1781319600.0,1.25e-05
1781323200.04,1.25e-05
1781326800.006,1.25e-05
1781330400.043,1.25e-05
1781334000.03,1.25e-05
1781337600.04,1.25e-05
1781341200.053,1.25e-05
1781344800.009,1.25e-05
1781348400.051,1.11048e-05
1781352000.0,1.25e-05
1781355600.021,1.25e-05
1781359200.056,1.25e-05
1781362800.009,1.25e-05
1781366400.004,1.25e-05
1781370000.036,1.25e-05
1781373600.014,1.25e-05
1781377200.021,1.25e-05
1781380800.035,1.25e-05
1781384400.042,1.25e-05
1781388000.013,1.25e-05
1781391600.023,1.25e-05
1781395200.001,1.25e-05
1781398800.042,1.25e-05
1781402400.025,1.25e-05
1781406000.005,1.25e-05
1781409600.004,1.25e-05
1781413200.06,1.25e-05
1781416800.02,9.4642e-06
1781420400.012,1.25e-05
1781424000.012,1.25e-05
1781427600.044,1.25e-05
1781431200.035,1.25e-05
1781434800.048,1.25e-05
1781438400.02,1.25e-05
1781442000.056,7.1674e-06
1781445600.06,7.7257e-06
1781449200.056,1.25e-05
1781452800.021,1.25e-05
1781456400.045,1.25e-05
1781460000.069,3.8956e-06
1781463600.035,1.25e-05
1781467200.066,1.25e-05
1781470800.006,1.25e-05
1781474400.0,1.25e-05
1781478000.037,1.25e-05
1781481600.049,1.25e-05
1781485200.042,8.8257e-06
1781488800.063,1.25e-05
1781492400.033,1.25e-05
1781496000.023,1.25e-05
1781499600.034,8.218e-06
1781503200.0,1.25e-05
1781506800.033,1.25e-05
1781510400.043,1.25e-05
1781514000.039,1.25e-05
1781517600.048,1.25e-05
1781521200.029,1.25e-05
1781524800.0,1.25e-05
1781528400.063,1.25e-05
1781532000.031,1.25e-05
1781535600.041,9.0404e-06
1781539200.005,8.274e-07
1781542800.05,4.2773e-06
1781546400.012,7.4966e-06
1781550000.021,8.9755e-06
1781553600.038,-8.788e-07
1781557200.032,-4.623e-07
1781560800.024,-1.8889e-06
1781564400.029,1.4923e-06
1781568000.049,3.2685e-06
1781571600.062,4.9604e-06
1781575200.02,2.1925e-06
1781578800.03,-5.2574e-06
1781582400.067,-4.813e-07
1781586000.04,1.1295e-06
1781589600.054,5.4219e-06
1781593200.002,7.1253e-06
1781596800.014,1.0194e-06
1781600400.032,9.2768e-06
1781604000.053,1.25e-05
1781607600.052,1.19506e-05
1781611200.012,5.8353e-06
1781614800.018,8.488e-06
1781618400.003,9.7068e-06
1781622000.025,5.8367e-06
1781625600.006,1.12649e-05
1781629200.014,1.25e-05
1781632800.055,1.25e-05
1781636400.059,1.25e-05
1781640000.016,1.25e-05
1781643600.008,1.25e-05
1781647200.006,9.5402e-06
1781650800.065,7.4201e-06
1781654400.032,3.4362e-06
1781658000.044,2.0765e-06
1781661600.023,7.0322e-06
1781665200.051,1.19105e-05
1781668800.0,1.23187e-05
1781672400.013,4.1932e-06
1781676000.002,1.07216e-05
1781679600.05,1.10799e-05
1781683200.007,7.2381e-06
1781686800.041,3.0446e-06
1781690400.045,1.25e-05
1781694000.045,1.25e-05
1781697600.05,1.25e-05
1781701200.01,1.25e-05
1781704800.055,1.25e-05
1781708400.065,1.25e-05
1781712000.021,1.25e-05
1781715600.008,1.25e-05
1781719200.085,2.5294e-06
1781722800.014,3.4643e-06
1781726400.002,3.91e-06
1781730000.044,2.2663e-06
1781733600.055,-9.735e-07
1781737200.018,-2.5724e-06
1781740800.025,-3.8917e-06
1781744400.017,-8.725e-07
1781748000.016,-4.668e-06
1781751600.014,-9.5807e-06
1781755200.006,-1.40099e-05
1781758800.058,-1.21716e-05
1781762400.043,2.6909e-06
1781766000.049,4.2691e-06
1781769600.053,2.7816e-06
1781773200.012,-1.5194e-06
1781776800.028,-4.0985e-06
1781780400.027,3.2256e-06
1781784000.055,7.1706e-06
1781787600.033,1.25e-05
1781791200.057,-4.1974e-06
1781794800.016,-1.32848e-05
1781798400.053,-1.70324e-05
1781802000.046,7.106e-06
1781805600.046,8.7879e-06
1781809200.059,1.25e-05
1781812800.014,4.9308e-06
1781816400.066,1.25e-05
1781820000.06,1.25e-05
1781823600.062,1.25e-05
1781827200.011,3.4673e-06
1781830800.007,1.25e-05
1781834400.023,1.20219e-05
1781838000.002,8.3981e-06
1781841600.042,1.25e-05
1781845200.002,1.25e-05
1781848800.022,1.25e-05
1781852400.062,1.25e-05
1781856000.051,7.0614e-06
1781859600.032,7.0452e-06
1781863200.018,4.6183e-06
1781866800.0,1.17046e-05
1781870400.053,1.14699e-05
1781874000.015,8.9368e-06
1781877600.037,1.11506e-05
1781881200.043,1.25e-05
1781884800.032,1.25e-05
1781888400.013,1.25e-05
1781892000.044,9.4328e-06
1781895600.013,1.25e-05
1781899200.028,1.25e-05
1781902800.023,1.25e-05
1781906400.007,1.25e-05
1781910000.072,1.25e-05
1781913600.067,1.25e-05
1781917200.031,1.2219e-05
1781920800.026,9.2121e-06
1781924400.064,4.4195e-06
1781928000.056,4.5835e-06
1781931600.023,1.25e-05
1781935200.048,1.25e-05
1781938800.021,1.25e-05
1781942400.036,1.25e-05
1781946000.017,1.4874e-06
1781949600.001,9.3989e-06
1781953200.008,6.4863e-06
1781956800.01,1.07853e-05
1781960400.008,3.8266e-06
1781964000.023,3.9752e-06
1781967600.024,1.21083e-05
1781971200.039,1.25e-05
1781974800.006,5.9951e-06
1781978400.046,3.8863e-06
1781982000.017,1.7967e-06
1781985600.032,7.6944e-06
1781989200.043,9.0437e-06
1781992800.059,1.25e-05
1781996400.038,1.25e-05
1782000000.047,1.25e-05
1782003600.035,1.25e-05
1782007200.009,1.25e-05
1782010800.033,1.25e-05
1782014400.034,1.09303e-05
1782018000.004,1.00536e-05
1782021600.025,-5.7e-09
1782025200.043,2.6072e-06
1782028800.033,-2.7056e-06
1782032400.005,-6.2019e-06
1782036000.02,8.7119e-06
1782039600.04,5.2761e-06
1782043200.044,-4.7459e-06
1782046800.053,-1.31008e-05
1782050400.007,-1.13397e-05
1782054000.003,-8.0165e-06
1782057600.03,-2.4511e-06
1782061200.007,-5.4436e-06
1782064800.046,-3.7171e-06
1782068400.029,-3.2544e-06
1782072000.036,-5.2568e-06
1782075600.057,-5.8244e-06
1782079200.077,-1.66529e-05
1782082800.061,-5.2208e-06
1782086400.011,-6.1048e-06
1782090000.019,-4.2085e-06
1782093600.074,1.112e-06
1782097200.037,1.625e-07
1782100800.02,-4.032e-07
1782104400.054,1.5422e-06
1782108000.033,2.1272e-06
1782111600.031,1.7466e-06
1782115200.054,7.2571e-06
1782118800.012,9.7535e-06
1782122400.04,1.03105e-05
1782126000.045,8.8485e-06
1782129600.028,1.25e-05
1782133200.062,1.01211e-05
1782136800.004,2.0572e-06
1782140400.009,2.285e-07
1782144000.016,7.2038e-06
1782147600.02,1.25e-05
1782151200.035,1.25e-05
1782154800.028,1.25e-05
1782158400.037,1.25e-05
1782162000.027,1.25e-05
1782165600.001,1.25e-05
1782169200.047,1.25e-05
1782172800.019,1.25e-05
1782176400.05,1.25e-05
1782180000.059,1.25e-05
1782183600.043,8.7723e-06
1782187200.043,5.0152e-06
1782190800.0,5.1996e-06
1782194400.028,9.8166e-06
1782198000.005,9.15e-08
1782201600.004,-4.5402e-06
1782205200.027,-9.0926e-06
1782208800.015,-8.6932e-06
1782212400.038,-5.8728e-06
1782216000.032,5.3496e-06
1782219600.064,8.6098e-06
1782223200.005,9.2052e-06
1782226800.068,7.5091e-06
1782230400.018,3.1741e-06
1782234000.004,1.22657e-05
1782237600.057,1.12356e-05
1782241200.036,9.086e-06
1782244800.052,1.25e-05
1782248400.041,1.25e-05
1782252000.077,1.15542e-05
1782255600.017,1.07788e-05
1782259200.059,1.25e-05
1782262800.007,1.25e-05
1782266400.045,1.25e-05
1782270000.043,9.8136e-06
1782273600.009,1.25e-05
1782277200.004,1.25e-05
1782280800.031,1.25e-05
1782284400.002,4.6544e-06
1782288000.01,-2.7601e-06
1782291600.011,6.9275e-06
1782295200.043,9.8227e-06
1782298800.026,6.7893e-06
1782302400.04,5.1607e-06
1782306000.01,4.421e-07
1782309600.048,-4.1508e-06
1782313200.052,4.2983e-06
1782316800.06,-2.2568e-06
1782320400.011,4.5381e-06
1782324000.061,-7.0317e-06
1782327600.107,8.821e-07
1782331200.013,5.3178e-06
1782334800.057,5.3486e-06
1782338400.034,3.8264e-06
1782342000.012,-2.28e-06
1782345600.02,-2.964e-07
1782349200.006,1.4929e-06
1782352800.035,-9.215e-07
1782356400.01,-5.1557e-06
1782360000.019,-8.506e-06
1782363600.009,3.7713e-06
1782367200.044,2.16e-06
1782370800.021,1.2884e-06
1782374400.066,-6.489e-07
1782378000.009,-7.7055e-06
1782381600.04,-4.107e-06
1782385200.059,-5.146e-06
1782388800.013,-4.4893e-06
1782392400.054,-2.1264e-06
1782396000.004,-1.42952e-05
1782399600.031,-1.97415e-05
1782403200.049,-4.7767e-06
1782406800.028,-5.3158e-06
1782410400.008,-2.6261e-06
1782414000.054,1.5991e-06
1782417600.025,-4.2613e-06
1782421200.001,-8.174e-07
1782424800.049,1.3853e-06
1782428400.053,-7.3666e-06
1782432000.043,-3.331e-06
1782435600.034,-7.0816e-06
1782439200.084,-1.1692e-05
1782442800.008,-1.53865e-05
1782446400.013,1.693e-07
1782450000.01,1.09522e-05
1782453600.03,4.8834e-06
1782457200.029,-6.5597e-06
1782460800.07,-5.9278e-06
1782464400.001,-1.26616e-05
1782468000.009,-8.0603e-06
1782471600.032,1.25e-08
1782475200.076,2.7049e-06
1782478800.058,4.6336e-06
1782482400.025,-1.9509e-06
1782486000.036,1.303e-07
1782489600.035,2.5329e-06
1782493200.027,-2.9854e-06
1782496800.042,-3.616e-06
1782500400.058,-7.8836e-06
1782504000.001,-9.643e-07
1782507600.081,-1.721e-07
1782511200.052,4.4487e-06
1782514800.072,-1.4599e-06
1782518400.047,1.7298e-06
1782522000.061,-2.5728e-06
1782525600.033,-7.2372e-06
1782529200.064,7.0285e-06
1782532800.005,7.318e-06
1782536400.052,5.2405e-06
1782540000.003,-4.916e-07
1782543600.022,-1.6603e-06
1782547200.062,4.2032e-06
1782550800.001,-5.609e-07
1782554400.064,-4.085e-07
1782558000.032,7.014e-07
1782561600.003,-1.3297e-06
1782565200.057,-4.7106e-06
1782568800.038,1.0422e-06
1782572400.065,6.7297e-06
1782576000.043,1.01735e-05
1782579600.058,1.2155e-05
1782583200.108,1.07849e-05
1782586800.053,6.8748e-06
1782590400.044,4.437e-06
1782594000.058,4.0869e-06
1782597600.021,3.6289e-06
1782601200.04,-1.2937e-06
1782604800.067,-9.1266e-06
1782608400.011,-5.9325e-06
1782612000.06,3.2832e-06
1782615600.023,1.2853e-06
1782619200.024,4.3666e-06
1782622800.062,4.9955e-06
1782626400.048,1.6996e-06
1782630000.131,1.12891e-05
1782633600.007,1.19922e-05
1782637200.03,-1.7174e-06
1782640800.008,-5.101e-07
1782644400.056,-6.7876e-06
1782648000.0,6.5001e-06
1782651600.035,7.575e-06
1782655200.057,4.816e-07
1782658800.011,-4.776e-07
1782662400.009,-2.9793e-06
1782666000.008,-5.3064e-06
1782669600.035,3.2652e-06
1782673200.062,7.2002e-06
1782676800.011,7.19e-07
1782680400.003,3.3935e-06
1782684000.039,5.9963e-06
1782687600.013,2.8958e-06
1782691200.001,8.8272e-06
1782694800.041,2.0291e-06
1782698400.037,4.7173e-06
1782702000.024,2.9224e-06
1782705600.028,2.708e-06
1782709200.033,2.937e-07
1782712800.084,5.5019e-06
1782716400.013,2.8439e-06
1782720000.021,5.7967e-06
1782723600.032,5.8906e-06
1782727200.059,9.1666e-06
1782730800.002,4.3036e-06
1782734400.034,4.8464e-06
1782738000.037,8.3323e-06
1782741600.097,6.1273e-06
1782745200.041,1.25e-05
1782748800.009,8.9288e-06
1782752400.026,1.8169e-06
1782756000.054,2.0836e-06
1782759600.032,8.1235e-06
1782763200.01,1.11065e-05
1782766800.059,3.6097e-06
1782770400.02,1.0217e-05
1782774000.049,7.4115e-06
1782777600.028,2.8767e-06
1782781200.022,7.7651e-06
1782784800.047,9.0354e-06
1782788400.041,5.0884e-06
1782792000.028,-4.87e-06
1782795600.052,4.5111e-06
1782799200.065,1.25e-05
1782802800.042,1.25e-05
1782806400.071,1.25e-05
1782810000.015,1.23847e-05
1782813600.034,1.25e-05
1782817200.061,1.25e-05
1782820800.037,1.07344e-05
1782824400.033,-1.493e-07
1782828000.043,6.2665e-06
1782831600.058,1.25e-05
1782835200.01,1.21714e-05
1782838800.028,1.13399e-05
1782842400.014,1.25e-05
1782846000.063,1.25e-05
1782849600.065,1.15754e-05
1782853200.051,1.4058e-06
1782856800.045,1.7818e-06
1782860400.048,6.8525e-06
1782864000.063,6.0184e-06
1782867600.046,1.3738e-06
1782871200.018,-5.1677e-06
1782874800.011,2.722e-06
1782878400.001,3.9802e-06
1782882000.0,1.17586e-05
1782885600.001,-5.252e-07
1782889200.022,1.6575e-06
1782892800.065,6.4315e-06
1782896400.04,1.20266e-05
1782900000.048,1.25e-05
1782903600.001,4.8544e-06
1782907200.044,1.10907e-05
1782910800.001,4.8489e-06
1782914400.006,9.9104e-06
1782918000.012,1.3904e-06
1782921600.045,1.25e-05
1782925200.022,1.25e-05
1782928800.061,1.25e-05
1782932400.036,1.25e-05
1782936000.005,1.25e-05
1782939600.007,1.25e-05
1782943200.086,1.25e-05
1782946800.056,1.25e-05
1782950400.074,1.25e-05
1782954000.014,1.25e-05
1782957600.02,1.25e-05
1782961200.07,1.25e-05
1782964800.033,1.25e-05
1782968400.047,1.25e-05
1782972000.007,1.25e-05
1782975600.011,1.25e-05
1782979200.014,1.25e-05
1782982800.01,1.25e-05
1782986400.006,1.25e-05
1782990000.037,1.25e-05
1782993600.03,1.25e-05
1782997200.027,1.25e-05
1783000800.025,1.25e-05
1783004400.055,1.25e-05
1783008000.068,1.25e-05
1783011600.026,1.25e-05
1783015200.007,1.25e-05
1783018800.044,1.25e-05
1783022400.007,1.25e-05
1783026000.031,1.25e-05
1783029600.025,1.25e-05
1783033200.029,1.25e-05
1783036800.018,1.25e-05
1783040400.017,1.25e-05
1783044000.081,1.25e-05
1783047600.031,1.25e-05
1783051200.034,1.25e-05
1783054800.012,1.25e-05
1783058400.078,1.25e-05
1783062000.025,1.25e-05
1783065600.049,1.89181e-05
1783069200.022,1.25e-05
1783072800.017,1.25e-05
1783076400.042,1.25e-05
1783080000.004,1.25e-05
1783083600.007,1.25e-05
1783087200.011,1.25e-05
1783090800.026,1.25e-05
1783094400.062,1.25e-05
1783098000.007,1.25e-05
1783101600.046,1.25e-05
1783105200.04,1.25e-05
1783108800.014,1.25e-05
1783112400.013,1.25e-05
1783116000.049,1.25e-05
1783119600.014,1.25e-05
1783123200.014,1.25e-05
1783126800.023,1.25e-05
1783130400.022,1.25e-05
1783134000.012,1.25e-05
1783137600.074,1.25e-05
1783141200.064,1.25e-05
1783144800.006,1.25e-05
1783148400.009,1.25e-05
1783152000.041,1.25e-05
1783155600.033,1.25e-05
1783159200.068,1.25e-05
1783162800.049,1.25e-05
1783166400.014,1.25e-05
1783170000.049,1.25e-05
1783173600.051,1.25e-05
1783177200.083,1.25e-05
1783180800.074,1.25e-05
1783184400.031,1.25e-05
1783188000.016,1.25e-05
1783191600.033,1.25e-05
1783195200.036,1.25e-05
1783198800.023,1.25e-05
1783202400.015,1.25e-05
1783206000.021,1.25e-05
1783209600.077,1.25e-05
1783213200.057,1.25e-05
1783216800.021,1.25e-05
1783220400.031,1.25e-05
1783224000.046,1.25e-05
1783227600.013,1.25e-05
1783231200.042,1.25e-05
1783234800.059,1.25e-05
1783238400.002,1.25e-05
1783242000.041,1.25e-05
1783245600.044,1.25e-05
1783249200.023,1.25e-05
1783252800.03,1.25e-05
1783256400.036,1.25e-05
1783260000.038,1.25e-05
1783263600.031,1.25e-05
1783267200.001,1.25e-05
1783270800.03,1.25e-05
1783274400.013,1.25e-05
1783278000.023,1.25e-05
1783281600.039,1.25e-05
1783285200.043,1.25e-05
1783288800.042,1.25e-05
1783292400.024,1.25e-05
1783296000.026,1.25e-05
1783299600.01,1.25e-05
1783303200.061,1.25e-05
1783306800.027,1.25e-05
1783310400.055,1.25e-05
1783314000.021,1.25e-05
1783317600.057,1.25e-05
1783321200.035,1.25e-05
1783324800.012,1.25e-05
1783328400.015,1.25e-05
1783332000.027,1.25e-05
1783335600.052,1.25e-05
1783339200.006,1.25e-05
1783342800.006,1.25e-05
1783346400.03,1.25e-05
1783350000.126,1.25e-05
1783353600.08,1.25e-05
1783357200.022,1.25e-05
1783360800.024,1.25e-05
1783364400.057,1.25e-05
1783368000.066,1.25e-05
1783371600.039,1.25e-05
1783375200.063,1.25e-05
1783378800.027,1.25e-05
1783382400.045,1.25e-05
1783386000.016,1.25e-05
1783389600.038,1.25e-05
1783393200.016,1.25e-05
1783396800.04,1.25e-05
1783400400.044,1.25e-05
1783404000.057,1.25e-05
1783407600.03,1.25e-05
1783411200.059,1.25e-05
1783414800.05,1.25e-05
1783418400.014,1.25e-05
1783422000.093,1.25e-05
1783425600.031,1.25e-05
1783429200.06,1.25e-05
1783432800.064,1.25e-05
1783436400.094,1.25e-05
1783440000.045,1.25e-05
1783443600.069,1.25e-05
1783447200.007,1.25e-05
1783450800.045,1.25e-05
1783454400.007,1.25e-05
1783458000.01,1.25e-05
1783461600.012,1.25e-05
1783465200.057,1.25e-05
1783468800.001,1.25e-05
1783472400.064,1.25e-05
1783476000.004,1.25e-05
1783479600.071,1.25e-05
1783483200.037,1.25e-05
1783486800.031,1.25e-05
1783490400.06,1.25e-05
1783494000.053,1.25e-05
1783497600.05,1.25e-05
1783501200.088,1.25e-05
1783504800.012,1.25e-05
1783508400.026,1.25e-05
1783512000.007,1.25e-05
1783515600.036,1.25e-05
